{"name":"873c8f08-4fba-4c51-bc59-3e954de82729","id":"/providers/Microsoft.Flow/flows/873c8f08-4fba-4c51-bc59-3e954de82729","type":"Microsoft.Flow/flows","properties":{"apiId":"/providers/Microsoft.PowerApps/apis/shared_logicflows","displayName":"AR-11 - Change of Address","definition":{"metadata":{"workflowEntityId":null,"processAdvisorMetadata":null,"flowChargedByPaygo":null,"flowclientsuspensionreason":"None","flowclientsuspensiontime":null,"flowclientsuspensionreasondetails":null,"creator":{"id":"6519f6f8-8a92-4aab-b52a-8a36b46e458e","type":"User","tenantId":"78733fa9-540e-4eb8-bf29-73c4eeb63412"},"provisioningMethod":"FromDefinition","failureAlertSubscription":true,"clientLastModifiedTime":"2023-12-15T00:53:54.6542439Z","connectionKeySavedTimeKey":"2023-12-15T00:53:54.6542439Z"},"$schema":"https://schema.management.azure.com/providers/Microsoft.Logic/schemas/2016-06-01/workflowdefinition.json#","contentVersion":"undefined","parameters":{"$authentication":{"defaultValue":{},"type":"SecureObject"},"$connections":{"defaultValue":{},"type":"Object"}},"triggers":{"When_a_new_response_is_submitted":{"splitOn":"@triggerOutputs()?['body/value']","type":"OpenApiConnectionWebhook","inputs":{"parameters":{"form_id":"qT9zeA5UuE6_KXPE7rY0Evj2GWWSiqtKtSqKNrRuRY5UN0gxMjZOVE9IT0tZQTROMFBZWEdJNDVPQy4u"},"host":{"apiId":"/providers/Microsoft.PowerApps/apis/shared_microsoftforms","connectionName":"shared_microsoftforms","operationId":"CreateFormWebhook"},"authentication":"@parameters('$authentication')"}}},"actions":{"Get_response_details":{"runAfter":{},"type":"OpenApiConnection","inputs":{"parameters":{"form_id":"qT9zeA5UuE6_KXPE7rY0Evj2GWWSiqtKtSqKNrRuRY5UN0gxMjZOVE9IT0tZQTROMFBZWEdJNDVPQy4u","response_id":"@triggerOutputs()?['body/resourceData/responseId']"},"host":{"apiId":"/providers/Microsoft.PowerApps/apis/shared_microsoftforms","connectionName":"shared_microsoftforms","operationId":"GetFormResponseById"},"authentication":"@parameters('$authentication')"}},"Get_file_content_copy":{"runAfter":{"Get_response_details":["Succeeded"]},"metadata":{"b!k_5xjCMNB0mhe0nHQjmhx_BHvAxVOl5CveQGsMR8IotXiJPorlDyQrbPhfXD6cMP.017PVHPZ2PROAJX7APWVB2PZPHTACDELOU":"/ar-11 test unlocked filled.pdf","b!k_5xjCMNB0mhe0nHQjmhx_BHvAxVOl5CveQGsMR8IotXiJPorlDyQrbPhfXD6cMP.017PVHPZ4V4ZMBLJBGXBDYU2GXEIHDXFGK":"/ar-11 test unlocked.pdf","b!k_5xjCMNB0mhe0nHQjmhx_BHvAxVOl5CveQGsMR8IotXiJPorlDyQrbPhfXD6cMP.017PVHPZ33ZV7QGWM7SFEJA3YCCHAGLNH2":"/P14389.docx"},"type":"OpenApiConnection","inputs":{"parameters":{"id":"b!k_5xjCMNB0mhe0nHQjmhx_BHvAxVOl5CveQGsMR8IotXiJPorlDyQrbPhfXD6cMP.017PVHPZ4V4ZMBLJBGXBDYU2GXEIHDXFGK","inferContentType":true},"host":{"apiId":"/providers/Microsoft.PowerApps/apis/shared_onedriveforbusiness","connectionName":"shared_onedriveforbusiness","operationId":"GetFileContent"},"authentication":"@parameters('$authentication')"}},"Compose_in_input_box_copy":{"runAfter":{"Get_file_content_copy":["Succeeded"]},"type":"Compose","inputs":"<?xml version=\"1.0\" encoding=\"utf-8\"?>\n<fields xmlns:xfdf=\"http://ns.adobe.com/xfdf-transition/\">\n  <MiddleNameIfApplicable>@{body('Get_response_details')?['r017b2d9a88ba4b17ab5897a544e0f423']}</MiddleNameIfApplicable>\n  <GivenNameFirstName>@{body('Get_response_details')?['r844bc5cb6bdd430ea270cf5fd702d386']}</GivenNameFirstName>\n  <FamilyNameLastName>@{body('Get_response_details')?['rb881a9613d974707a3b87d0fd72b5a57']}</FamilyNameLastName>\n  <DateOfBirthMmDdYyyy>@{body('Get_response_details')?['r382f61178f8647d1b9a8dfeb59aa5e08']}</DateOfBirthMmDdYyyy>\n  <State1>@{body('Get_response_details')?['r039b8b7919c14a9180464a4545f800d6']}</State1>\n  <ZipCode2>@{body('Get_response_details')?['r343c6d9aa987451fba60ed0a564697a6']}</ZipCode2>\n  <AptSteFlrNumber1></AptSteFlrNumber1>\n  <ZipCode1>@{body('Get_response_details')?['re923a478b6a44daeb3eaf5178eb51abd']}</ZipCode1>\n  <AptSteFlrNumber3></AptSteFlrNumber3>\n  <AptSteFlrNumber2></AptSteFlrNumber2>\n  <StreetNumberAndName1>@{body('Get_response_details')?['r9a86243c7e17499d98da46e77d523d09']}</StreetNumberAndName1>\n  <CityOrTown1>@{body('Get_response_details')?['r476caa2349e84b63a21ee7c16ab997c1']}</CityOrTown1>\n  <State3>@{body('Get_response_details')?['r21b9ea6097a145d2af5798800f937887']}</State3>\n  <ZipCode6>@{body('Get_response_details')?['ra1240730c94d4813aa6d2c4fda343ced']}</ZipCode6>\n  <AptSteFlrNumber6></AptSteFlrNumber6>\n  <ZipCode5>@{body('Get_response_details')?['r31a48e5f2f4d4c7d89ee1e597e263e0d']}</ZipCode5>\n  <AptSteFlrNumber8></AptSteFlrNumber8>\n  <AptSteFlrNumber7></AptSteFlrNumber7>\n  <StreetNumberAndName3>@{body('Get_response_details')?['ra6fe6de30a514ac8bff46d0e1761cdf9']}</StreetNumberAndName3>\n  <CityOrTown3>@{body('Get_response_details')?['rda8682055a2d48278dc5885ad80fef83']}</CityOrTown3>\n  <AlienRegistrationNumberANumberIfAny>@{body('Get_response_details')?['r607102552ee04990b8365a83810ec8f1']}</AlienRegistrationNumberANumberIfAny>\n  <YourSignature></YourSignature>\n  <DateOfSignatureMmDdYyyy></DateOfSignatureMmDdYyyy>\n  <State2>@{body('Get_response_details')?['rddb8da390c1a4a7b9ea5f98139208776']}</State2>\n  <ZipCode4>@{body('Get_response_details')?['r829f237be1fa4e1ea877051a62fc55b1']}</ZipCode4>\n  <AptSteFlrNumber4></AptSteFlrNumber4>\n  <ZipCode3>@{body('Get_response_details')?['r537f465c0f4146f38228a3d092a68014']}</ZipCode3>\n  <UspsZipCodeLookup></UspsZipCodeLookup>\n  <AptSteFlrNumber5></AptSteFlrNumber5>\n  <StreetNumberAndName2>@{body('Get_response_details')?['r8a240889c2fc41f987543b6316df0ce1']}</StreetNumberAndName2>\n  <CityOrTown2>@{body('Get_response_details')?['rbd838e256be04ae39f064fd9b57f8f6b']}</CityOrTown2>\n</fields>"},"Import_PDF_Forms_data_copy":{"runAfter":{"Compose_in_input_box_copy":["Succeeded"]},"type":"OpenApiConnection","inputs":{"parameters":{"input_xml_data/source_file_name":"@{body('Get_response_details')?['r017b2d9a88ba4b17ab5897a544e0f423']}@{body('Get_response_details')?['rb881a9613d974707a3b87d0fd72b5a57']}.xml","input_xml_data/source_file_content":"@outputs('Compose_in_input_box_copy')","input_xml_data/flatten":"No","input_xml_data/read_only":"No","input_xml_data/fail_on_error":true,"input_xml_data/pdf_template_file_content":"@body('Get_file_content_copy')"},"host":{"apiId":"/providers/Microsoft.PowerApps/apis/shared_muhimbi","connectionName":"shared_muhimbi","operationId":"import_form_data"},"authentication":"@parameters('$authentication')"}},"Create_file_copy":{"runAfter":{"Move_or_rename_a_file_using_path":["Succeeded"]},"type":"OpenApiConnection","inputs":{"parameters":{"folderPath":"/Documents/CompletedFiles","name":"AR11completed.pdf","body":"@outputs('Import_PDF_Forms_data_copy')?['body/processed_file_content']"},"host":{"apiId":"/providers/Microsoft.PowerApps/apis/shared_onedrive","connectionName":"shared_onedrive","operationId":"CreateFile"},"authentication":"@parameters('$authentication')"}},"Move_or_rename_a_file_using_path":{"runAfter":{"Delay_1":["Succeeded"]},"type":"OpenApiConnection","inputs":{"parameters":{"source":"/Documents/CompletedFiles/AR11completed.pdf","destination":"/Documents/OldFiles/AR11completed@{outputs('Import_PDF_Forms_data_copy')?['body/base_file_name']}.pdf","overwrite":true},"host":{"apiId":"/providers/Microsoft.PowerApps/apis/shared_onedrive","connectionName":"shared_onedrive","operationId":"MoveFileByPath"},"authentication":"@parameters('$authentication')"}},"Send_an_email_(V2)":{"runAfter":{"Create_share_link_by_path":["Succeeded"]},"type":"OpenApiConnection","inputs":{"parameters":{"emailMessage/To":"@body('Get_response_details')?['r95ca70ec60004195b3b0a75f0f902c9d']","emailMessage/Subject":"Completed AR-11 Form","emailMessage/Body":"<p><b><strong>WARNING:</strong></b><span style=\"background-color: rgb(255, 255, 255); color: rgb(0, 0, 0); font-family: &quot;Segoe UI&quot;, &quot;Segoe UI Web (West European)&quot;, &quot;Segoe UI&quot;, -apple-system, BlinkMacSystemFont, Roboto, &quot;Helvetica Neue&quot;, sans-serif; font-weight: 400; font-size: 14px;\"> </span><b><strong>This is a class project. You should not rely on it as a source of legal information. It is likely incomplete. All information entered should be fake and made up.</strong></b></p><br><p>Hi @{body('Get_response_details')?['r844bc5cb6bdd430ea270cf5fd702d386']},</p><br><p>Please see below the link to your filled out AR-11 Change of Address Form.</p><br><p>Please make sure to download the form as the link will expire.</p><p>@{outputs('Create_share_link_by_path')?['body/WebUrl']}</p><br><p>Thanks,</p><p>Ben</p>"},"host":{"apiId":"/providers/Microsoft.PowerApps/apis/shared_office365","connectionName":"shared_office365","operationId":"SendEmailV2"},"authentication":"@parameters('$authentication')"}},"Delay":{"runAfter":{"Create_file_copy":["Succeeded"]},"type":"Wait","inputs":{"interval":{"count":7,"unit":"Second"}}},"Delay_1":{"runAfter":{"Import_PDF_Forms_data_copy":["Succeeded"]},"type":"Wait","inputs":{"interval":{"count":7,"unit":"Second"}}},"Create_share_link_by_path":{"runAfter":{"Delay":["Succeeded"]},"type":"OpenApiConnection","inputs":{"parameters":{"path":"/Documents/CompletedFiles/AR11completed.pdf","type":"View"},"host":{"apiId":"/providers/Microsoft.PowerApps/apis/shared_onedrive","connectionName":"shared_onedrive","operationId":"CreateShareLinkByPathV2"},"authentication":"@parameters('$authentication')"}}}},"connectionReferences":{"shared_microsoftforms":{"connectionName":"shared-microsoftform-2c2c18e4-5032-4afb-bc96-6c6fbfa09507","source":"Embedded","id":"/providers/Microsoft.PowerApps/apis/shared_microsoftforms","tier":"NotSpecified"},"shared_onedriveforbusiness":{"connectionName":"shared-onedriveforbu-dfd25c95-f270-48c7-b3b0-e584b63e4413","source":"Embedded","id":"/providers/Microsoft.PowerApps/apis/shared_onedriveforbusiness","tier":"NotSpecified"},"shared_muhimbi":{"connectionName":"shared-muhimbi-9a25eb57-a43b-4f20-87c9-9d2e721b3c03","source":"Embedded","id":"/providers/Microsoft.PowerApps/apis/shared_muhimbi","tier":"NotSpecified"},"shared_onedrive":{"connectionName":"shared-onedrive-b2169bd1-0993-4dd4-9975-ae5c9899a6b0","source":"Embedded","id":"/providers/Microsoft.PowerApps/apis/shared_onedrive","tier":"NotSpecified"},"shared_office365":{"connectionName":"shared-office365-e1dce29f-f322-4231-8b98-661c36216d96","source":"Embedded","id":"/providers/Microsoft.PowerApps/apis/shared_office365","tier":"NotSpecified"}},"flowFailureAlertSubscribed":false,"isManaged":false}}