{"name":"fcf7d5f6-2be3-492e-9d84-3dcdb91838a9","id":"/providers/Microsoft.Flow/flows/fcf7d5f6-2be3-492e-9d84-3dcdb91838a9","type":"Microsoft.Flow/flows","properties":{"apiId":"/providers/Microsoft.PowerApps/apis/shared_logicflows","displayName":"Button -> Export PDF Forms Data","definition":{"metadata":{"workflowEntityId":null,"processAdvisorMetadata":null,"flowChargedByPaygo":null,"flowclientsuspensionreason":"None","flowclientsuspensiontime":null,"flowclientsuspensionreasondetails":null,"creator":{"id":"6519f6f8-8a92-4aab-b52a-8a36b46e458e","type":"User","tenantId":"78733fa9-540e-4eb8-bf29-73c4eeb63412"},"provisioningMethod":"FromDefinition","failureAlertSubscription":true,"clientLastModifiedTime":"2023-12-14T02:27:26.2787188Z","connectionKeySavedTimeKey":"2023-12-14T02:27:26.2787188Z"},"$schema":"https://schema.management.azure.com/providers/Microsoft.Logic/schemas/2016-06-01/workflowdefinition.json#","contentVersion":"undefined","parameters":{"$authentication":{"defaultValue":{},"type":"SecureObject"},"$connections":{"defaultValue":{},"type":"Object"}},"triggers":{"manual":{"type":"Request","kind":"Button","inputs":{"schema":{"type":"object","properties":{},"required":[]}}}},"actions":{"Get_file_content":{"runAfter":{},"metadata":{"b!k_5xjCMNB0mhe0nHQjmhx_BHvAxVOl5CveQGsMR8IotXiJPorlDyQrbPhfXD6cMP.017PVHPZ4V4ZMBLJBGXBDYU2GXEIHDXFGK":"/ar-11 test unlocked.pdf","b!k_5xjCMNB0mhe0nHQjmhx_BHvAxVOl5CveQGsMR8IotXiJPorlDyQrbPhfXD6cMP.017PVHPZYKODJNIDIKTFHJLI77COUZKKI3":"/ar-11 test.pdf","b!k_5xjCMNB0mhe0nHQjmhx_BHvAxVOl5CveQGsMR8IotXiJPorlDyQrbPhfXD6cMP.017PVHPZZOKDWR3YKNIBGZL26D5WDUC63V":"/ar-11 filled.pdf","b!k_5xjCMNB0mhe0nHQjmhx_BHvAxVOl5CveQGsMR8IotXiJPorlDyQrbPhfXD6cMP.017PVHPZ4RLYPXKM3RHZD3SCNEGR2NL6FP":"/i-912.pdf","b!k_5xjCMNB0mhe0nHQjmhx_BHvAxVOl5CveQGsMR8IotXiJPorlDyQrbPhfXD6cMP.017PVHPZ2PROAJX7APWVB2PZPHTACDELOU":"/ar-11 test unlocked filled.pdf"},"type":"OpenApiConnection","inputs":{"parameters":{"id":"b!k_5xjCMNB0mhe0nHQjmhx_BHvAxVOl5CveQGsMR8IotXiJPorlDyQrbPhfXD6cMP.017PVHPZ2PROAJX7APWVB2PZPHTACDELOU","inferContentType":true},"host":{"apiId":"/providers/Microsoft.PowerApps/apis/shared_onedriveforbusiness","connectionName":"shared_onedriveforbusiness","operationId":"GetFileContent"},"authentication":{"value":"@json(decodeBase64(triggerOutputs().headers['X-MS-APIM-Tokens']))['$ConnectionKey']","type":"Raw"}}},"Export_PDF_Forms_Data":{"runAfter":{"Get_file_content":["Succeeded"]},"type":"OpenApiConnection","inputs":{"parameters":{"input_from_pdf_data/source_file_name":"ar-11 test unlocked filled.pdf","input_from_pdf_data/source_file_content":"@body('Get_file_content')","input_from_pdf_data/output_format":"XML","input_from_pdf_data/fail_on_error":true},"host":{"apiId":"/providers/Microsoft.PowerApps/apis/shared_muhimbi","connectionName":"shared_muhimbi-2","operationId":"export_form_data"},"authentication":{"value":"@json(decodeBase64(triggerOutputs().headers['X-MS-APIM-Tokens']))['$ConnectionKey']","type":"Raw"}}},"Compose":{"runAfter":{"Export_PDF_Forms_Data":["Succeeded"]},"type":"Compose","inputs":"@base64ToString(outputs('Export_PDF_Forms_Data')?['body/processed_file_content'])"}},"description":""},"connectionReferences":{"shared_onedriveforbusiness":{"connectionName":"shared-onedriveforbu-dfd25c95-f270-48c7-b3b0-e584b63e4413","source":"Invoker","id":"/providers/Microsoft.PowerApps/apis/shared_onedriveforbusiness","tier":"NotSpecified"},"shared_muhimbi-2":{"connectionName":"shared-muhimbi-9a25eb57-a43b-4f20-87c9-9d2e721b3c03","source":"Invoker","id":"/providers/Microsoft.PowerApps/apis/shared_muhimbi","tier":"NotSpecified"}},"flowFailureAlertSubscribed":false,"isManaged":false}}