{"name":"5f0cf8dc-d416-4e4d-820e-bca3ab3f5eb3","id":"/providers/Microsoft.Flow/flows/5f0cf8dc-d416-4e4d-820e-bca3ab3f5eb3","type":"Microsoft.Flow/flows","properties":{"apiId":"/providers/Microsoft.PowerApps/apis/shared_logicflows","displayName":"Old AR-11 Change of Address","definition":{"metadata":{"workflowEntityId":null,"processAdvisorMetadata":null,"flowChargedByPaygo":null,"flowclientsuspensionreason":"None","flowclientsuspensiontime":null,"flowclientsuspensionreasondetails":null,"creator":{"id":"6519f6f8-8a92-4aab-b52a-8a36b46e458e","type":"User","tenantId":"78733fa9-540e-4eb8-bf29-73c4eeb63412"},"provisioningMethod":"FromDefinition","failureAlertSubscription":true,"clientLastModifiedTime":"2023-12-14T05:10:51.6291145Z","connectionKeySavedTimeKey":"2023-12-14T05:10:51.6291145Z"},"$schema":"https://schema.management.azure.com/providers/Microsoft.Logic/schemas/2016-06-01/workflowdefinition.json#","contentVersion":"1.0.0.0","parameters":{"$authentication":{"defaultValue":{},"type":"SecureObject"},"$connections":{"defaultValue":{},"type":"Object"}},"triggers":{"When_a_new_response_is_submitted":{"type":"OpenApiConnectionWebhook","inputs":{"parameters":{"form_id":"qT9zeA5UuE6_KXPE7rY0Evj2GWWSiqtKtSqKNrRuRY5UQ1JFRUlFOFREWFgwWjYwVDRDODZXNUJEUi4u"},"host":{"apiId":"/providers/Microsoft.PowerApps/apis/shared_microsoftforms","connectionName":"shared_microsoftforms","operationId":"CreateFormWebhook"},"authentication":"@parameters('$authentication')"}}},"actions":{"Compose_in_input_box":{"runAfter":{"Get_file_content":["Succeeded"]},"type":"Compose","inputs":"<?xml version=\"1.0\" encoding=\"utf-8\"?>\n<fields xmlns:xfdf=\"http://ns.adobe.com/xfdf-transition/\">\n  <MiddleNameIfApplicable>@{body('Get_response_details')?['r017b2d9a88ba4b17ab5897a544e0f423']}</MiddleNameIfApplicable>\n  <GivenNameFirstName>@{body('Get_response_details')?['r844bc5cb6bdd430ea270cf5fd702d386']}</GivenNameFirstName>\n  <FamilyNameLastName>@{body('Get_response_details')?['rb881a9613d974707a3b87d0fd72b5a57']}</FamilyNameLastName>\n  <DateOfBirthMmDdYyyy>@{body('Get_response_details')?['r382f61178f8647d1b9a8dfeb59aa5e08']}</DateOfBirthMmDdYyyy>\n  <State1>@{body('Get_response_details')?['r039b8b7919c14a9180464a4545f800d6']}</State1>\n  <ZipCode2>@{body('Get_response_details')?['r343c6d9aa987451fba60ed0a564697a6']}</ZipCode2>\n  <AptSteFlrNumber1>@{body('Get_response_details')?['raeebff2684cd49c88c493c7b4fb9a862']}</AptSteFlrNumber1>\n  <ZipCode1>@{body('Get_response_details')?['re923a478b6a44daeb3eaf5178eb51abd']}</ZipCode1>\n  <AptSteFlrNumber3>@{body('Get_response_details')?['r24b334883b4c44cfba7393ae2d4de88f']}</AptSteFlrNumber3>\n  <AptSteFlrNumber2>@{body('Get_response_details')?['r583f358d1f59486996b7e07b868fe9cd']}</AptSteFlrNumber2>\n  <StreetNumberAndName1>@{body('Get_response_details')?['r9a86243c7e17499d98da46e77d523d09']}</StreetNumberAndName1>\n  <CityOrTown1>@{body('Get_response_details')?['r476caa2349e84b63a21ee7c16ab997c1']}</CityOrTown1>\n  <State3>@{body('Get_response_details')?['r21b9ea6097a145d2af5798800f937887']}</State3>\n  <ZipCode6>@{body('Get_response_details')?['ra1240730c94d4813aa6d2c4fda343ced']}</ZipCode6>\n  <AptSteFlrNumber6>@{body('Get_response_details')?['re5fe6ddb9bd34d1fa2324fc89447577a']}</AptSteFlrNumber6>\n  <ZipCode5>@{body('Get_response_details')?['r31a48e5f2f4d4c7d89ee1e597e263e0d']}</ZipCode5>\n  <AptSteFlrNumber8>@{body('Get_response_details')?['r24b334883b4c44cfba7393ae2d4de88f']}</AptSteFlrNumber8>\n  <AptSteFlrNumber7>@{body('Get_response_details')?['rdba54fa4257245cb8e95c3c0bbcdd8fe']}</AptSteFlrNumber7>\n  <StreetNumberAndName3>@{body('Get_response_details')?['ra6fe6de30a514ac8bff46d0e1761cdf9']}</StreetNumberAndName3>\n  <CityOrTown3>@{body('Get_response_details')?['rda8682055a2d48278dc5885ad80fef83']}</CityOrTown3>\n  <AlienRegistrationNumberANumberIfAny>@{body('Get_response_details')?['r607102552ee04990b8365a83810ec8f1']}</AlienRegistrationNumberANumberIfAny>\n  <YourSignature></YourSignature>\n  <DateOfSignatureMmDdYyyy></DateOfSignatureMmDdYyyy>\n  <State2>@{body('Get_response_details')?['rddb8da390c1a4a7b9ea5f98139208776']}</State2>\n  <ZipCode4>@{body('Get_response_details')?['r829f237be1fa4e1ea877051a62fc55b1']}</ZipCode4>\n  <AptSteFlrNumber4>@{body('Get_response_details')?['raeebff2684cd49c88c493c7b4fb9a862']}</AptSteFlrNumber4>\n  <ZipCode3>@{body('Get_response_details')?['r537f465c0f4146f38228a3d092a68014']}</ZipCode3>\n  <UspsZipCodeLookup>@{body('Get_response_details')?['rab14adab550d466fa04788f3c477fa62']}</UspsZipCodeLookup>\n  <AptSteFlrNumber5>@{body('Get_response_details')?['r2fd2c3668b1c421ebb466d3bf1bb36a4']}</AptSteFlrNumber5>\n  <StreetNumberAndName2>@{body('Get_response_details')?['r8a240889c2fc41f987543b6316df0ce1']}</StreetNumberAndName2>\n  <CityOrTown2>@{body('Get_response_details')?['rbd838e256be04ae39f064fd9b57f8f6b']}</CityOrTown2>\n</fields>"},"Import_PDF_Forms_data":{"runAfter":{"Compose_in_input_box":["Succeeded"]},"type":"OpenApiConnection","inputs":{"parameters":{"input_xml_data/source_file_name":"@{body('Get_response_details')?['r017b2d9a88ba4b17ab5897a544e0f423']}@{body('Get_response_details')?['rb881a9613d974707a3b87d0fd72b5a57']}.xml","input_xml_data/source_file_content":"@outputs('Compose_in_input_box')","input_xml_data/flatten":"No","input_xml_data/read_only":"No","input_xml_data/fail_on_error":true,"input_xml_data/pdf_template_file_content":"@body('Get_file_content')"},"host":{"apiId":"/providers/Microsoft.PowerApps/apis/shared_muhimbi","connectionName":"shared_muhimbi","operationId":"import_form_data"},"authentication":"@parameters('$authentication')"}},"Create_file":{"runAfter":{"Import_PDF_Forms_data":["Succeeded"]},"type":"OpenApiConnection","inputs":{"parameters":{"folderPath":"/Documents","name":"@{outputs('Import_PDF_Forms_data')?['body/base_file_name']}.pdf","body":"@outputs('Import_PDF_Forms_data')?['body/processed_file_content']"},"host":{"apiId":"/providers/Microsoft.PowerApps/apis/shared_onedrive","connectionName":"shared_onedrive","operationId":"CreateFile"},"authentication":"@parameters('$authentication')"}},"Get_file_content":{"runAfter":{"Get_response_details":["Succeeded"]},"metadata":{"b!k_5xjCMNB0mhe0nHQjmhx_BHvAxVOl5CveQGsMR8IotXiJPorlDyQrbPhfXD6cMP.017PVHPZ2PROAJX7APWVB2PZPHTACDELOU":"/ar-11 test unlocked filled.pdf","b!k_5xjCMNB0mhe0nHQjmhx_BHvAxVOl5CveQGsMR8IotXiJPorlDyQrbPhfXD6cMP.017PVHPZ4V4ZMBLJBGXBDYU2GXEIHDXFGK":"/ar-11 test unlocked.pdf","b!k_5xjCMNB0mhe0nHQjmhx_BHvAxVOl5CveQGsMR8IotXiJPorlDyQrbPhfXD6cMP.017PVHPZ33ZV7QGWM7SFEJA3YCCHAGLNH2":"/P14389.docx"},"type":"OpenApiConnection","inputs":{"parameters":{"id":"b!k_5xjCMNB0mhe0nHQjmhx_BHvAxVOl5CveQGsMR8IotXiJPorlDyQrbPhfXD6cMP.017PVHPZ4V4ZMBLJBGXBDYU2GXEIHDXFGK"},"host":{"apiId":"/providers/Microsoft.PowerApps/apis/shared_onedriveforbusiness","connectionName":"shared_onedriveforbusiness","operationId":"GetFileContent"},"authentication":"@parameters('$authentication')"}},"Get_response_details":{"runAfter":{},"type":"OpenApiConnection","inputs":{"parameters":{"form_id":"qT9zeA5UuE6_KXPE7rY0Evj2GWWSiqtKtSqKNrRuRY5UN0gxMjZOVE9IT0tZQTROMFBZWEdJNDVPQy4u","response_id":10},"host":{"apiId":"/providers/Microsoft.PowerApps/apis/shared_microsoftforms","connectionName":"shared_microsoftforms","operationId":"GetFormResponseById"},"authentication":"@parameters('$authentication')"}}},"outputs":{}},"connectionReferences":{"shared_microsoftforms":{"connectionName":"shared-microsoftform-2c2c18e4-5032-4afb-bc96-6c6fbfa09507","source":"Embedded","id":"/providers/Microsoft.PowerApps/apis/shared_microsoftforms","tier":"NotSpecified"},"shared_muhimbi":{"connectionName":"shared-muhimbi-9a25eb57-a43b-4f20-87c9-9d2e721b3c03","source":"Embedded","id":"/providers/Microsoft.PowerApps/apis/shared_muhimbi","tier":"NotSpecified"},"shared_onedrive":{"connectionName":"shared-onedrive-b2169bd1-0993-4dd4-9975-ae5c9899a6b0","source":"Embedded","id":"/providers/Microsoft.PowerApps/apis/shared_onedrive","tier":"NotSpecified"},"shared_onedriveforbusiness":{"connectionName":"shared-onedriveforbu-dfd25c95-f270-48c7-b3b0-e584b63e4413","source":"Embedded","id":"/providers/Microsoft.PowerApps/apis/shared_onedriveforbusiness","tier":"NotSpecified"}},"flowFailureAlertSubscribed":false,"isManaged":false}}